timing,group,culture_ID,0,4,8,12,16,20,24,28,32,36,40,44,48,52,56,60,64,68,72,76,80,84,88,92,96,100,104,108,112,116,120,124,128,132,136,140,144,148,152,156,160,164,168,172,176,180,184,188,192,196,200,204,208,212,216,220,224,228,232,236,240,244,248,252,256,260,264,268,272,276,280,284,288,292,296,300,304,308,312,316,320,324,328,332,336,340,344,348,352,356,360,364,368,372,376,380,384,388,392,396,400,404,408,412,416,420,424,428,432,436,440,444,448,452,456,460,464,468,472,476,480,484,488,492,496,500,504,508,512,516,520,524,528,532,536,540,544,548,552,556,560,564,568,572,576,580,584,588,592,596,598
h0,ctr,B1H0C1,0.009259271,0.078703805,0.055555627,0.037037085,0.04166672,0.106481618,0.060185263,0.060185263,0.04166672,0.064814898,0.074074169,0.064814898,0.032407449,0.055555627,0.027777813,0.027777813,0.032407449,0.046296356,0.050925991,0.064814898,0.046296356,0.046296356,0.04166672,0.055555627,0.027777813,0.027777813,0.04166672,0.032407449,0.032407449,0.046296356,0.055555627,0,0.050925991,0.013888907,0.027777813,0.050925991,0.037037085,0.023148178,0.018518542,0.013888907,0.009259271,0.064814898,0.04166672,0.04166672,0.037037085,0.023148178,0.027777813,0.009259271,0.046296356,0.037037085,0.027777813,0.04166672,0.037037085,0.050925991,0.032407449,0.018518542,0.050925991,0.04166672,0.023148178,0.023148178,0.023148178,0.023148178,0.037037085,0.04166672,0.037037085,0.060185263,0.032407449,0.018518542,0.027777813,0.055555627,0.027777813,0.037037085,0.009259271,0.018518542,0.027777813,0.037037085,0.018518542,0.027777813,0.018518542,0.013888907,0.04166672,0.037037085,0.023148178,0.060185263,0.018518542,0.018518542,0.046296356,0.037037085,0.032407449,0.04166672,0.027777813,0.046296356,0.032407449,0.050925991,0.04166672,0.046296356,0.04166672,0.04166672,0.023148178,0.018518542,0.037037085,0.032407449,0.032407449,0.004629636,0.023148178,0.064814898,0.013888907,0.018518542,0.023148178,0.055555627,0.050925991,0.032407449,0.018518542,0.023148178,0.032407449,0.055555627,0.037037085,0.064814898,0.04166672,0.04166672,0.04166672,0.013888907,0.04166672,0.050925991,0.004629636,0.032407449,0.027777813,0.032407449,0.013888907,0.037037085,0.050925991,0.046296356,0.04166672,0.013888907,0.069444534,0.04166672,0.04166672,0.032407449,0.018518542,0.032407449,0.050925991,0.027777813,0.023148178,0.027777813,0.04166672,0.04166672,0.037037085,0.050925991,0.050925991,0.050925991,0
h0,rms,B1H0C3,0.021186468,0.063559404,0.021186468,0.038135642,0.042372936,0.025423761,0.029661055,0.025423761,0.067796697,0.033898349,0.042372936,0.029661055,0.050847523,0.025423761,0.025423761,0.046610229,0.072033991,0.021186468,0.055084817,0.029661055,0.067796697,0.033898349,0.033898349,0.016949174,0.033898349,0.012711881,0.029661055,0.016949174,0.029661055,0.025423761,0.033898349,0.029661055,0.021186468,0.042372936,0.021186468,0.038135642,0.029661055,0.042372936,0.021186468,0.038135642,0.012711881,0.038135642,0.046610229,0.029661055,0.025423761,0.025423761,0.046610229,0.016949174,0.025423761,0.042372936,0.050847523,0.012711881,0.016949174,0.025423761,0.021186468,0.021186468,0.025423761,0.038135642,0.021186468,0.033898349,0.025423761,0.055084817,0.029661055,0.021186468,0.029661055,0.021186468,0.046610229,0.029661055,0.025423761,0.050847523,0.038135642,0.016949174,0.033898349,0.050847523,0.021186468,0.038135642,0.025423761,0.063559404,0.025423761,0.016949174,0.021186468,0.038135642,0.021186468,0.021186468,0.038135642,0.038135642,0.029661055,0.029661055,0.033898349,0.050847523,0.038135642,0.029661055,0.033898349,0.046610229,0.029661055,0.029661055,0.016949174,0.033898349,0.029661055,0.029661055,0.029661055,0.025423761,0.008474587,0.025423761,0.033898349,0.029661055,0.050847523,0.016949174,0.046610229,0.046610229,0.05932211,0.033898349,0.029661055,0.050847523,0.029661055,0.016949174,0.046610229,0.076271284,0.042372936,0.004237294,0.033898349,0.063559404,0.050847523,0.025423761,0.038135642,0.021186468,0.016949174,0.016949174,0.029661055,0.046610229,0.042372936,0.033898349,0.029661055,0.042372936,0.021186468,0.029661055,0.029661055,0.050847523,0.016949174,0.029661055,0.067796697,0.05932211,0.033898349,0.038135642,0.05932211,0.016949174,0.046610229,0.033898349,0.033898349,0.029661055,0
h0,ctr,B1H0C4,0.142157045,0.112745243,0.088235408,0.088235408,0.147059013,0.15196098,0.073529506,0.068627539,0.098039342,0.142157045,0.122549177,0.088235408,0.088235408,0.137255078,0.11764721,0.073529506,0.137255078,0.039215737,0.049019671,0.03431377,0.08333344,0.063725572,0.039215737,0.063725572,0.049019671,0.039215737,0.078431473,0.044117704,0.029411803,0.029411803,0.024509835,0.03431377,0.049019671,0.024509835,0.029411803,0.044117704,0.039215737,0.014705901,0.039215737,0.024509835,0.053921638,0.019607868,0.03431377,0.03431377,0.029411803,0.068627539,0.053921638,0.029411803,0.039215737,0.03431377,0.024509835,0.014705901,0.068627539,0.03431377,0.029411803,0.024509835,0.024509835,0.024509835,0.049019671,0.029411803,0.03431377,0.039215737,0.014705901,0.029411803,0.088235408,0.014705901,0.039215737,0.039215737,0.044117704,0.08333344,0.029411803,0.053921638,0.063725572,0.058823605,0.029411803,0.078431473,0.049019671,0.044117704,0.024509835,0.03431377,0.08333344,0.029411803,0.044117704,0.029411803,0.044117704,0.014705901,0.019607868,0.058823605,0.03431377,0.019607868,0.004901967,0.044117704,0.058823605,0.03431377,0.039215737,0.044117704,0.029411803,0.024509835,0.03431377,0.039215737,0.029411803,0.024509835,0.019607868,0.029411803,0.039215737,0.019607868,0.014705901,0.029411803,0.029411803,0.044117704,0.024509835,0.03431377,0.044117704,0.049019671,0.024509835,0.019607868,0.068627539,0.044117704,0.019607868,0.029411803,0.03431377,0.063725572,0.03431377,0.024509835,0.058823605,0.014705901,0.053921638,0.019607868,0.078431473,0.03431377,0.053921638,0.063725572,0.049019671,0.058823605,0.053921638,0.019607868,0.014705901,0.014705901,0.029411803,0.03431377,0.039215737,0.039215737,0,0.049019671,0.053921638,0.073529506,0.029411803,0.044117704,0.068627539,0.039215737,0
h0,rms,B1H0C5,0.056250072,0.025000032,0.012500016,0.025000032,0.037500048,0.043750056,0.037500048,0.056250072,0.018750024,0.025000032,0.025000032,0.037500048,0.037500048,0.03125004,0.025000032,0.025000032,0.025000032,0.025000032,0.03125004,0.018750024,0.056250072,0.037500048,0.043750056,0.018750024,0.025000032,0.037500048,0.018750024,0.06250008,0.068750088,0.043750056,0.037500048,0.075000096,0.037500048,0.006250008,0.018750024,0.03125004,0.037500048,0.018750024,0.050000064,0.043750056,0.043750056,0.050000064,0.025000032,0.018750024,0.037500048,0.025000032,0.025000032,0.025000032,0.050000064,0.050000064,0.068750088,0.018750024,0.018750024,0.012500016,0.043750056,0.06250008,0.025000032,0.068750088,0.025000032,0.06250008,0.050000064,0.06250008,0.025000032,0.075000096,0.025000032,0.025000032,0.037500048,0.056250072,0.018750024,0.03125004,0.03125004,0.006250008,0.06250008,0.043750056,0.018750024,0.087500112,0.037500048,0.03125004,0.043750056,0.050000064,0.03125004,0.025000032,0.06250008,0.018750024,0.081250104,0,0.018750024,0.018750024,0.06250008,0.037500048,0.037500048,0.012500016,0.056250072,0.03125004,0.03125004,0.037500048,0.037500048,0.043750056,0.056250072,0.056250072,0.050000064,0.050000064,0.037500048,0.018750024,0.018750024,0.037500048,0.018750024,0.043750056,0.093750121,0.03125004,0.043750056,0.037500048,0.06250008,0.018750024,0.03125004,0.018750024,0.075000096,0.050000064,0.012500016,0.03125004,0.018750024,0.037500048,0.068750088,0.043750056,0.06250008,0.03125004,0.03125004,0.037500048,0.056250072,0.018750024,0.068750088,0.03125004,0.03125004,0.006250008,0.025000032,0.043750056,0.025000032,0.012500016,0.03125004,0.006250008,0.025000032,0.037500048,0.03125004,0.012500016,0.043750056,0.050000064,0.03125004,0.018750024,0.043750056,0.056250072,0
h0,ctr,B1H0C6,0.076923176,0.051282117,0.115384764,0.064102646,0.051282117,0.102564234,0.038461588,0.044871853,0.044871853,0.08333344,0.038461588,0.025641059,0.044871853,0.038461588,0.089743705,0.089743705,0.012820529,0.051282117,0.051282117,0.044871853,0.057692382,0.025641059,0.051282117,0.141025822,0.064102646,0.032051323,0.038461588,0.057692382,0.032051323,0.032051323,0.019230794,0.032051323,0.044871853,0.032051323,0.038461588,0.051282117,0.032051323,0.025641059,0.051282117,0.019230794,0.006410265,0.057692382,0.019230794,0.070512911,0.057692382,0.051282117,0.019230794,0.032051323,0,0.025641059,0.032051323,0.032051323,0.038461588,0.044871853,0.044871853,0.057692382,0.012820529,0.012820529,0.032051323,0.025641059,0.025641059,0.012820529,0.019230794,0.025641059,0.019230794,0.032051323,0.032051323,0.044871853,0.051282117,0.025641059,0.019230794,0.038461588,0.044871853,0.064102646,0.012820529,0.064102646,0.032051323,0.051282117,0.019230794,0.038461588,0.051282117,0.012820529,0.006410265,0.032051323,0.025641059,0.064102646,0.032051323,0.038461588,0.038461588,0.051282117,0.019230794,0.019230794,0.051282117,0.019230794,0.025641059,0.006410265,0.038461588,0.038461588,0.044871853,0.051282117,0.019230794,0.038461588,0.025641059,0.057692382,0,0.025641059,0.025641059,0.006410265,0.006410265,0.012820529,0.019230794,0.019230794,0.038461588,0.032051323,0.032051323,0.012820529,0.019230794,0.044871853,0.051282117,0.038461588,0.032051323,0.025641059,0.038461588,0.032051323,0.006410265,0.032051323,0,0.032051323,0.044871853,0.051282117,0.012820529,0.038461588,0.051282117,0.032051323,0.019230794,0.044871853,0.044871853,0.038461588,0.019230794,0.038461588,0.025641059,0.044871853,0.044871853,0.089743705,0.032051323,0.038461588,0.025641059,0.044871853,0.051282117,0.057692382,0
h24,rms,B1H24C14,0.037500048,0.025000032,0.025000032,0.037500048,0.037500048,0.050000064,0.012500016,0.025000032,0.025000032,0,0.037500048,0.025000032,0.025000032,0.025000032,0.050000064,0.037500048,0.012500016,0.037500048,0.012500016,0.075000096,0.012500016,0.025000032,0.012500016,0.037500048,0.012500016,0.037500048,0.100000129,0.037500048,0,0.012500016,0.037500048,0.075000096,0.037500048,0.050000064,0.012500016,0.025000032,0.025000032,0.100000129,0.100000129,0,0.050000064,0.012500016,0.025000032,0.025000032,0.037500048,0.012500016,0.025000032,0.012500016,0.050000064,0.012500016,0.075000096,0.012500016,0.025000032,0.037500048,0.087500112,0.012500016,0.012500016,0,0.06250008,0.037500048,0.037500048,0.012500016,0.037500048,0.075000096,0.012500016,0.012500016,0.075000096,0.06250008,0.012500016,0.012500016,0.050000064,0.012500016,0.012500016,0.037500048,0.075000096,0.037500048,0.050000064,0.012500016,0.037500048,0.06250008,0.012500016,0.025000032,0.012500016,0.075000096,0.037500048,0.012500016,0.037500048,0.050000064,0,0.012500016,0.037500048,0.050000064,0.050000064,0.037500048,0.050000064,0.075000096,0.025000032,0.125000161,0.037500048,0.050000064,0.012500016,0.037500048,0.050000064,0.050000064,0,0.06250008,0.025000032,0.050000064,0.087500112,0.012500016,0.125000161,0.050000064,0.025000032,0.025000032,0.075000096,0.050000064,0.06250008,0.112500145,0.012500016,0.025000032,0.025000032,0.037500048,0.037500048,0.050000064,0.087500112,0.012500016,0.012500016,0.075000096,0.087500112,0.06250008,0.012500016,0.012500016,0.025000032,0.075000096,0.050000064,0.012500016,0.050000064,0.050000064,0.06250008,0.06250008,0.050000064,0.025000032,0.075000096,0.012500016,0.06250008,0.075000096,0.100000129,0.050000064,0.037500048,0.050000064,0
h24,ctr,B1H24C15,0.022727302,0.045454604,0.007575767,0.037878837,0.045454604,0.007575767,0.022727302,0.075757673,0.037878837,0.030303069,0.045454604,0.037878837,0.007575767,0.030303069,0.015151535,0.022727302,0.022727302,0.068181906,0.060606139,0.022727302,0.015151535,0.068181906,0.022727302,0.045454604,0.030303069,0.053030371,0.030303069,0.030303069,0.053030371,0,0.015151535,0.045454604,0.015151535,0.015151535,0.037878837,0.045454604,0,0.007575767,0.022727302,0.015151535,0.022727302,0.007575767,0.030303069,0.022727302,0.022727302,0.015151535,0.007575767,0.053030371,0.037878837,0,0.022727302,0.045454604,0.037878837,0.015151535,0.022727302,0.060606139,0.022727302,0.030303069,0.007575767,0.015151535,0.022727302,0.015151535,0.007575767,0.053030371,0.022727302,0.022727302,0.053030371,0.060606139,0.022727302,0.030303069,0.030303069,0.015151535,0.068181906,0.037878837,0.022727302,0.037878837,0.015151535,0.007575767,0.007575767,0.045454604,0.030303069,0.030303069,0.022727302,0.08333344,0.015151535,0.053030371,0.045454604,0.037878837,0.030303069,0.007575767,0.015151535,0.030303069,0.037878837,0.022727302,0.045454604,0.045454604,0.015151535,0.045454604,0.045454604,0.015151535,0.007575767,0.007575767,0.060606139,0.045454604,0.007575767,0.060606139,0.068181906,0.053030371,0.030303069,0.030303069,0.053030371,0.030303069,0.030303069,0.053030371,0.030303069,0.037878837,0,0.068181906,0.045454604,0.015151535,0.053030371,0.037878837,0.015151535,0.060606139,0.068181906,0.015151535,0.037878837,0.037878837,0.037878837,0.037878837,0.015151535,0.053030371,0.030303069,0.060606139,0.060606139,0.030303069,0.053030371,0.037878837,0.007575767,0.045454604,0.015151535,0.015151535,0.045454604,0.022727302,0.060606139,0.037878837,0.045454604,0.030303069,0.015151535,0.022727302,0
h24,rms,B1H24C16,0.055555627,0.055555627,0.090277894,0.04166672,0.034722267,0.04166672,0.076388987,0.048611174,0.013888907,0.055555627,0.034722267,0.034722267,0.013888907,0.034722267,0.034722267,0.034722267,0.034722267,0.02083336,0.027777813,0.013888907,0.02083336,0.069444534,0.04166672,0.069444534,0.034722267,0.048611174,0.076388987,0.048611174,0.034722267,0.027777813,0.04166672,0.034722267,0.04166672,0.02083336,0.02083336,0.048611174,0.006944453,0.055555627,0.04166672,0.027777813,0.034722267,0.055555627,0.02083336,0.069444534,0.034722267,0.048611174,0.048611174,0.04166672,0.027777813,0.013888907,0.034722267,0.04166672,0.027777813,0.027777813,0.048611174,0.034722267,0.06250008,0.027777813,0.034722267,0.04166672,0.006944453,0.048611174,0.048611174,0.027777813,0.027777813,0.04166672,0.076388987,0.013888907,0.04166672,0.02083336,0.04166672,0.055555627,0.027777813,0.04166672,0.034722267,0.048611174,0.02083336,0.048611174,0.048611174,0.055555627,0.013888907,0.06250008,0.055555627,0.076388987,0.048611174,0,0.055555627,0.08333344,0.02083336,0.034722267,0.034722267,0.027777813,0.034722267,0.027777813,0.034722267,0.04166672,0.04166672,0.048611174,0.08333344,0.048611174,0.027777813,0.034722267,0.104166801,0.02083336,0.08333344,0.04166672,0.06250008,0.013888907,0.06250008,0.055555627,0.06250008,0.034722267,0.027777813,0.055555627,0.02083336,0.04166672,0.027777813,0.034722267,0.069444534,0.04166672,0.006944453,0.02083336,0.048611174,0.034722267,0.027777813,0.034722267,0.04166672,0.055555627,0.055555627,0.048611174,0.02083336,0.055555627,0.02083336,0.013888907,0.06250008,0.02083336,0.048611174,0.06250008,0.013888907,0.034722267,0.04166672,0.027777813,0.055555627,0.02083336,0.006944453,0.027777813,0.06250008,0.027777813,0.04166672,0.097222347,0
h3,ctr,B1H3C10,0.028409127,0.039772778,0.06250008,0.045454604,0.051136429,0.045454604,0.051136429,0.034090953,0.017045476,0.051136429,0.073863731,0.073863731,0.005681825,0.06250008,0.056818255,0.028409127,0.011363651,0.068181906,0.034090953,0.039772778,0.017045476,0.034090953,0.079545557,0.034090953,0.090909208,0.039772778,0.051136429,0.056818255,0.022727302,0.039772778,0.06250008,0.028409127,0.045454604,0.051136429,0.028409127,0.045454604,0.028409127,0.045454604,0.022727302,0.056818255,0.045454604,0.045454604,0.039772778,0.073863731,0.017045476,0.022727302,0.028409127,0.034090953,0.022727302,0.017045476,0.079545557,0.022727302,0.051136429,0.028409127,0.017045476,0.028409127,0.039772778,0.045454604,0.034090953,0.022727302,0.017045476,0.045454604,0.079545557,0.06250008,0.022727302,0.011363651,0.06250008,0.034090953,0.045454604,0.017045476,0.034090953,0.068181906,0.051136429,0.017045476,0.028409127,0.028409127,0.028409127,0.011363651,0.068181906,0.039772778,0.039772778,0.028409127,0.022727302,0.06250008,0.028409127,0.051136429,0.051136429,0.034090953,0.079545557,0.039772778,0.017045476,0.051136429,0.034090953,0.005681825,0.022727302,0.045454604,0.039772778,0.039772778,0.073863731,0.034090953,0.045454604,0.017045476,0.056818255,0.028409127,0.034090953,0.06250008,0.005681825,0.028409127,0.039772778,0.039772778,0.051136429,0.022727302,0.017045476,0.039772778,0.051136429,0.051136429,0.034090953,0.017045476,0.028409127,0.06250008,0.022727302,0.045454604,0.06250008,0.022727302,0.051136429,0.06250008,0.051136429,0.056818255,0.039772778,0.06250008,0.034090953,0.045454604,0.028409127,0.079545557,0.045454604,0.051136429,0.034090953,0.011363651,0.022727302,0.051136429,0.039772778,0.022727302,0.022727302,0.011363651,0.017045476,0.028409127,0.028409127,0.056818255,0.034090953,0.017045476,0
h3,ctr,B1H3C11,0.277778135,0.227778071,0.211111382,0.177778006,0.227778071,0.216666945,0.222222508,0.200000257,0.161111318,0.200000257,0.194444694,0.188889132,0.133333505,0.14444463,0.150000193,0.105555691,0.06111119,0.033333376,0.050000064,0.022222251,0.050000064,0.033333376,0.08333344,0.038888939,0.038888939,0.050000064,0.06111119,0.033333376,0.066666752,0.027777813,0.022222251,0.06111119,0.055555627,0.044444502,0.027777813,0.027777813,0.027777813,0.027777813,0.011111125,0.044444502,0.011111125,0.044444502,0.038888939,0.038888939,0.022222251,0.033333376,0.022222251,0.038888939,0.06111119,0.055555627,0.027777813,0.044444502,0.055555627,0.038888939,0.06111119,0.022222251,0.027777813,0.022222251,0.016666688,0.044444502,0.044444502,0.044444502,0.055555627,0.06111119,0.055555627,0.016666688,0.055555627,0.044444502,0.033333376,0.06111119,0.044444502,0.022222251,0.055555627,0.033333376,0.038888939,0.033333376,0.044444502,0.116666817,0.033333376,0.027777813,0.022222251,0.027777813,0.066666752,0.016666688,0.022222251,0.033333376,0.066666752,0.027777813,0.06111119,0.050000064,0.011111125,0.050000064,0.033333376,0.044444502,0.06111119,0.027777813,0.050000064,0.055555627,0.038888939,0.016666688,0.038888939,0.033333376,0.033333376,0.027777813,0.033333376,0.08333344,0.027777813,0.033333376,0.044444502,0.022222251,0.016666688,0.044444502,0.016666688,0.055555627,0.06111119,0.033333376,0.06111119,0.088889003,0.038888939,0.050000064,0.033333376,0.038888939,0.022222251,0.033333376,0.050000064,0.027777813,0.033333376,0.022222251,0.044444502,0.055555627,0.044444502,0.033333376,0.027777813,0.050000064,0.022222251,0.005555563,0.022222251,0.06111119,0.038888939,0.016666688,0.072222315,0.055555627,0.033333376,0.016666688,0.038888939,0.08333344,0.088889003,0.06111119,0.011111125,0.033333376,0
h3,rms,B1H3C8,0.054054124,0.067567654,0.020270296,0.060810889,0.067567654,0.108108247,0.047297358,0.020270296,0.020270296,0.067567654,0.040540593,0.027027062,0.060810889,0.054054124,0.060810889,0.013513531,0.040540593,0.033783827,0.033783827,0.027027062,0.060810889,0.047297358,0.020270296,0.047297358,0.006756765,0.040540593,0.047297358,0.006756765,0.067567654,0.054054124,0.027027062,0.047297358,0.027027062,0.033783827,0.033783827,0.027027062,0.040540593,0.020270296,0.033783827,0.027027062,0.216216494,0.114865013,0.054054124,0.020270296,0.520270939,0.047297358,0.027027062,0.006756765,0.020270296,0.047297358,0.040540593,0.020270296,0.047297358,0.040540593,0.027027062,0.006756765,0.047297358,0.060810889,0.067567654,0.020270296,0.067567654,0.027027062,0.060810889,0.047297358,0.108108247,0.07432442,0.087837951,0.07432442,0.027027062,0.060810889,0.040540593,0.07432442,0.067567654,0.040540593,0.054054124,0.027027062,0.060810889,0.060810889,0.027027062,0.027027062,0.087837951,0.087837951,0.047297358,0.020270296,0.027027062,0.067567654,0.060810889,0.020270296,0.067567654,0.020270296,0.040540593,0.027027062,0.027027062,0.060810889,0.047297358,0.047297358,0.07432442,0.054054124,0.027027062,0.020270296,0.033783827,0.047297358,0.060810889,0.033783827,0.081081185,0.027027062,0.047297358,0.033783827,0.047297358,0.047297358,0.033783827,0.020270296,0.081081185,0.040540593,0.020270296,0.006756765,0.033783827,0.020270296,0.040540593,0.027027062,0.047297358,0.054054124,0.027027062,0.033783827,0.040540593,0.040540593,0.040540593,0.027027062,0.020270296,0.027027062,0.033783827,0.047297358,0.047297358,0.060810889,0.047297358,0.020270296,0.047297358,0.054054124,0.013513531,0.027027062,0.020270296,0.013513531,0.027027062,0.027027062,0.040540593,0.033783827,0.013513531,0.040540593,0.047297358,0.033783827,0
h3,rms,B1H3C9,0.233333633,0.250000321,0.158333537,0.125000161,0.175000225,0.08333344,0.158333537,0.158333537,0.091666784,0.091666784,0.100000129,0.091666784,0.075000096,0.108333473,0.100000129,0.100000129,0.058333408,0.066666752,0.058333408,0.033333376,0.050000064,0.050000064,0.025000032,0.066666752,0.008333344,0.033333376,0.016666688,0.025000032,0.033333376,0.066666752,0.066666752,0.04166672,0.025000032,0.025000032,0.04166672,0.04166672,0.04166672,0.033333376,0.050000064,0.04166672,0.025000032,0.08333344,0.033333376,0.058333408,0.008333344,0.025000032,0.025000032,0.016666688,0.016666688,0.025000032,0.016666688,0.033333376,0.016666688,0.04166672,0.08333344,0.050000064,0.033333376,0.016666688,0.058333408,0.050000064,0.066666752,0.04166672,0.025000032,0.025000032,0.016666688,0.100000129,0.04166672,0.033333376,0.008333344,0.033333376,0.04166672,0.050000064,0.04166672,0.04166672,0.100000129,0.050000064,0.033333376,0.050000064,0.066666752,0.066666752,0.025000032,0.033333376,0.025000032,0.058333408,0.033333376,0.050000064,0.033333376,0.058333408,0.091666784,0.050000064,0.125000161,0.050000064,0.050000064,0.075000096,0.058333408,0.066666752,0.016666688,0.075000096,0.066666752,0.025000032,0.04166672,0.075000096,0.08333344,0.066666752,0.033333376,0.033333376,0.091666784,0.016666688,0.050000064,0.033333376,0.050000064,0.08333344,0.016666688,0.04166672,0.075000096,0.108333473,0.066666752,0.04166672,0.058333408,0.091666784,0.050000064,0.066666752,0.033333376,0.04166672,0.025000032,0.075000096,0.050000064,0.050000064,0.016666688,0.033333376,0.058333408,0.050000064,0.033333376,0.116666817,0.04166672,0.016666688,0.016666688,0.066666752,0.033333376,0.066666752,0.066666752,0.058333408,0.075000096,0.058333408,0.108333473,0.033333376,0.04166672,0.100000129,0.008333344,0.058333408,0
h0,rms,B2H0C1,0.038043527,0.032608738,0.038043527,0.027173948,0.00543479,0.021739158,0.059782686,0.048913106,0.027173948,0.059782686,0.021739158,0.021739158,0.038043527,0.043478317,0.038043527,0.032608738,0.021739158,0.043478317,0.043478317,0.027173948,0.027173948,0.027173948,0.027173948,0.027173948,0.043478317,0.076087054,0.059782686,0.00543479,0.00543479,0.054347896,0.038043527,0.016304369,0.016304369,0.038043527,0.032608738,0.016304369,0.027173948,0.038043527,0.032608738,0.054347896,0.016304369,0.021739158,0.032608738,0.021739158,0.010869579,0.043478317,0.048913106,0.010869579,0.038043527,0.059782686,0.010869579,0.010869579,0.048913106,0.048913106,0.043478317,0.010869579,0.038043527,0.054347896,0.048913106,0.032608738,0.038043527,0.048913106,0.048913106,0.038043527,0.032608738,0.032608738,0.016304369,0.032608738,0.103261002,0.032608738,0.043478317,0.032608738,0.054347896,0.010869579,0.032608738,0.021739158,0.032608738,0.048913106,0.032608738,0.027173948,0.054347896,0.054347896,0.054347896,0.021739158,0.027173948,0.021739158,0.054347896,0.038043527,0.010869579,0.065217475,0.027173948,0.032608738,0.043478317,0.027173948,0.059782686,0.027173948,0.038043527,0.027173948,0.021739158,0.021739158,0.021739158,0.032608738,0.076087054,0.027173948,0.027173948,0.043478317,0.043478317,0.038043527,0.043478317,0.081521844,0.043478317,0.027173948,0.043478317,0.032608738,0.048913106,0.032608738,0.021739158,0.054347896,0.048913106,0.038043527,0.059782686,0.081521844,0.043478317,0.032608738,0.032608738,0.065217475,0.059782686,0.065217475,0.043478317,0.048913106,0.027173948,0.027173948,0.016304369,0.021739158,0.070652265,0.048913106,0.038043527,0.021739158,0.059782686,0.038043527,0.027173948,0.016304369,0.065217475,0.032608738,0.048913106,0.070652265,0.059782686,0.032608738,0.038043527,0.059782686,0
h0,ctr,B2H0C2,0.254237615,0.338983487,0.427966652,0.300847844,0.292373257,0.317797019,0.296610551,0.271186789,0.262712202,0.338983487,0.250000321,0.220339266,0.334746193,0.288135964,0.266949496,0.190678211,0.254237615,0.182203624,0.046610229,0.080508578,0.080508578,0.072033991,0.097457752,0.067796697,0.063559404,0.042372936,0.067796697,0.076271284,0.063559404,0.050847523,0.10593234,0.016949174,0.046610229,0.008474587,0.063559404,0.046610229,0.055084817,0.029661055,0.063559404,0.033898349,0.042372936,0.008474587,0.046610229,0.063559404,0.021186468,0.046610229,0.050847523,0.042372936,0.021186468,0.016949174,0.067796697,0.050847523,0.016949174,0.021186468,0.025423761,0.050847523,0.046610229,0.025423761,0.016949174,0.029661055,0.021186468,0.050847523,0.021186468,0.046610229,0.038135642,0.025423761,0.021186468,0.025423761,0.021186468,0.042372936,0.05932211,0.042372936,0.021186468,0.008474587,0.033898349,0.046610229,0.021186468,0.025423761,0.055084817,0.016949174,0.016949174,0.016949174,0.042372936,0.050847523,0.033898349,0.046610229,0.076271284,0.046610229,0.025423761,0.021186468,0.042372936,0.033898349,0.050847523,0.042372936,0.055084817,0.050847523,0.050847523,0.029661055,0.038135642,0.025423761,0.021186468,0.029661055,0.046610229,0.046610229,0.029661055,0.025423761,0.029661055,0.046610229,0.050847523,0.033898349,0.05932211,0.042372936,0.050847523,0.029661055,0.029661055,0.029661055,0.021186468,0.025423761,0.038135642,0.046610229,0.029661055,0.038135642,0.025423761,0.042372936,0.033898349,0.025423761,0.038135642,0.029661055,0.029661055,0.046610229,0.042372936,0.067796697,0.046610229,0.029661055,0.033898349,0.038135642,0.025423761,0.029661055,0.021186468,0.029661055,0.025423761,0.046610229,0.033898349,0.038135642,0.025423761,0.016949174,0.029661055,0.033898349,0.046610229,0.042372936,0
h0,rms,B2H0C3,0.367021748,0.335106814,0.255319477,0.260638633,0.223404542,0.212766231,0.223404542,0.207447075,0.175532141,0.196808764,0.234042854,0.132978894,0.186170452,0.143617206,0.127659739,0.191489608,0.074468181,0.053191558,0.079787337,0.095744804,0.085106492,0.042553246,0.074468181,0.058510714,0.042553246,0.026595779,0.031914935,0.031914935,0.058510714,0.058510714,0.063829869,0.058510714,0.042553246,0.047872402,0.047872402,0.03723409,0.069149025,0.03723409,0.047872402,0.03723409,0.047872402,0.074468181,0.053191558,0.069149025,0.010638312,0.03723409,0.053191558,0.047872402,0.031914935,0.026595779,0.058510714,0.021276623,0.03723409,0.021276623,0.047872402,0.042553246,0.026595779,0.021276623,0.079787337,0.031914935,0.031914935,0.053191558,0.058510714,0.03723409,0.047872402,0.063829869,0.031914935,0.047872402,0.026595779,0.021276623,0.021276623,0.042553246,0.021276623,0.031914935,0.042553246,0.03723409,0.015957467,0.026595779,0.03723409,0.021276623,0.047872402,0.042553246,0.005319156,0.031914935,0.015957467,0.031914935,0.010638312,0.058510714,0.063829869,0.042553246,0.058510714,0.047872402,0.058510714,0.042553246,0.047872402,0.047872402,0.042553246,0.053191558,0.074468181,0.058510714,0.053191558,0.042553246,0.03723409,0.069149025,0.042553246,0.047872402,0.021276623,0.063829869,0.053191558,0.021276623,0.058510714,0.042553246,0.031914935,0.074468181,0.047872402,0.042553246,0.042553246,0.053191558,0.085106492,0.058510714,0.074468181,0.058510714,0.042553246,0.031914935,0.063829869,0.063829869,0.042553246,0.085106492,0.03723409,0.058510714,0.095744804,0.047872402,0.042553246,0.053191558,0.026595779,0.047872402,0.015957467,0.047872402,0.026595779,0.031914935,0.03723409,0.085106492,0.069149025,0.015957467,0.026595779,0.095744804,0.042553246,0.03723409,0.047872402,0.053191558,0
h24,ctr,B2H24C4,0.142857326,0.151785909,0.098214412,0.098214412,0.089285829,0.084821538,0.066964372,0.071428663,0.049107206,0.089285829,0.06250008,0.071428663,0.06250008,0.071428663,0.071428663,0.044642915,0.066964372,0.053571497,0.044642915,0.053571497,0.058035789,0.035714332,0.049107206,0.035714332,0.026785749,0.116071578,0.044642915,0.049107206,0.053571497,0.049107206,0.071428663,0.071428663,0.03125004,0.075892955,0.058035789,0.035714332,0.035714332,0.053571497,0.026785749,0.044642915,0.03125004,0.071428663,0.026785749,0.044642915,0.022321457,0.03125004,0.035714332,0.053571497,0.03125004,0.044642915,0.06250008,0.017857166,0.03125004,0.066964372,0.040178623,0.058035789,0.013392874,0.053571497,0.035714332,0.013392874,0.022321457,0.06250008,0.03125004,0.03125004,0.049107206,0.044642915,0.053571497,0.066964372,0.03125004,0.03125004,0.044642915,0.035714332,0.044642915,0.040178623,0.049107206,0.022321457,0.035714332,0.03125004,0.044642915,0.044642915,0.03125004,0.022321457,0.026785749,0.013392874,0.022321457,0.026785749,0.035714332,0.053571497,0.044642915,0.049107206,0.040178623,0.058035789,0.053571497,0.066964372,0.040178623,0.06250008,0.03125004,0.053571497,0.049107206,0.026785749,0.06250008,0.044642915,0.026785749,0.03125004,0.044642915,0.035714332,0.03125004,0.044642915,0.026785749,0.03125004,0.06250008,0.049107206,0.017857166,0.058035789,0.071428663,0.03125004,0.026785749,0.040178623,0.066964372,0.035714332,0.022321457,0.053571497,0.03125004,0.040178623,0.026785749,0.026785749,0.049107206,0.06250008,0.049107206,0.008928583,0.044642915,0.03125004,0.022321457,0.053571497,0.035714332,0.026785749,0.035714332,0.026785749,0.03125004,0.066964372,0.013392874,0.03125004,0.035714332,0.040178623,0.026785749,0.071428663,0.035714332,0.058035789,0.040178623,0.040178623,0
h24,rms,B2H24C5,0.074468181,0.170212985,0.053191558,0.047872402,0.026595779,0.042553246,0.085106492,0.063829869,0.03723409,0.03723409,0.026595779,0.042553246,0.015957467,0.026595779,0.042553246,0.031914935,0.111702271,0.047872402,0.047872402,0.031914935,0.212766231,0.026595779,0.031914935,0.015957467,0.069149025,0.095744804,0.13829805,0.255319477,0.111702271,0.021276623,0.031914935,0.063829869,0.063829869,0.031914935,0.031914935,0.042553246,0.031914935,0.074468181,0.058510714,0.042553246,0.042553246,0.042553246,0.058510714,0.005319156,0.015957467,0.010638312,0.042553246,0.069149025,0.026595779,0.03723409,0.031914935,0.042553246,0.026595779,0.106383115,0.021276623,0.058510714,0.005319156,0.010638312,0.026595779,0.026595779,0.053191558,0.031914935,0.047872402,0.026595779,0.031914935,0.026595779,0.03723409,0.042553246,0.015957467,0.010638312,0.10106396,0.031914935,0.010638312,0.026595779,0.015957467,0.031914935,0.015957467,0.021276623,0.03723409,0.031914935,0.015957467,0.010638312,0.058510714,0.042553246,0.053191558,0.031914935,0.03723409,0.031914935,0.015957467,0.010638312,0.042553246,0.053191558,0.021276623,0.111702271,0.021276623,0.053191558,0.021276623,0.015957467,0.03723409,0.053191558,0.031914935,0.026595779,0.106383115,0.042553246,0.005319156,0.026595779,0.021276623,0.042553246,0.063829869,0.047872402,0.015957467,0.021276623,0.015957467,0.021276623,0.053191558,0.03723409,0.117021427,0.058510714,0.021276623,0.058510714,0.03723409,0.015957467,0.069149025,0.090425648,0.074468181,0.015957467,0.063829869,0.074468181,0.021276623,0.042553246,0.026595779,0.031914935,0.031914935,0.031914935,0.085106492,0.058510714,0.021276623,0.021276623,0.058510714,0.026595779,0.047872402,0.031914935,0.10106396,0.026595779,0.03723409,0.010638312,0.058510714,0.053191558,0.031914935,0.042553246,0
h24,rms,B2H24C7,0.065476275,0.047619109,0.053571497,0.071428663,0.047619109,0.029761943,0.053571497,0.023809554,0.04166672,0.047619109,0.011904777,0.113095383,0.035714332,0.011904777,0.035714332,0.029761943,0.023809554,0.023809554,0.035714332,0.011904777,0.017857166,0,0.047619109,0.011904777,0.029761943,0.017857166,0.029761943,0.023809554,0.095238218,0.005952389,0.017857166,0.005952389,0.029761943,0.017857166,0.047619109,0.011904777,0.04166672,0.065476275,0.047619109,0.023809554,0.005952389,0.017857166,0.005952389,0.035714332,0.023809554,0.053571497,0.005952389,0.023809554,0.023809554,0,0.047619109,0.047619109,0.023809554,0.053571497,0.04166672,0.029761943,0.035714332,0.017857166,0.04166672,0.04166672,0.047619109,0.011904777,0.023809554,0.017857166,0.023809554,0.023809554,0.035714332,0.005952389,0.011904777,0.035714332,0.04166672,0.023809554,0.011904777,0.029761943,0.08333344,0.035714332,0.035714332,0.047619109,0.077381052,0.035714332,0.04166672,0.017857166,0.04166672,0.023809554,0.017857166,0.04166672,0.011904777,0.04166672,0.035714332,0.029761943,0.065476275,0.017857166,0.017857166,0.04166672,0.04166672,0.029761943,0.023809554,0.023809554,0.047619109,0.029761943,0.005952389,0.023809554,0.029761943,0.023809554,0.047619109,0.017857166,0.029761943,0.023809554,0.047619109,0.065476275,0.029761943,0.035714332,0.035714332,0.059523886,0.029761943,0.023809554,0.04166672,0.04166672,0.04166672,0.023809554,0.023809554,0.023809554,0.023809554,0.029761943,0.017857166,0.017857166,0.059523886,0.065476275,0.053571497,0.047619109,0.029761943,0.029761943,0.059523886,0.035714332,0.053571497,0.023809554,0.04166672,0.047619109,0.065476275,0.053571497,0.017857166,0.04166672,0.059523886,0.011904777,0.029761943,0.053571497,0.053571497,0.017857166,0.065476275,0.065476275,0
h3,rms,B2H3C10,0.06770842,0.04687506,0.0781251,0.02083336,0.05729174,0.05729174,0.02083336,0.109375141,0.05729174,0.0260417,0.06250008,0.098958461,0.06250008,0.03645838,0.104166801,0.07291676,0.05729174,0.06770842,0.04166672,0.0520834,0.07291676,0.04687506,0.07291676,0.104166801,0.0520834,0.03125004,0.03645838,0.06250008,0.04687506,0.0781251,0.104166801,0.06770842,0.04687506,0.04166672,0.03645838,0.01041668,0.0520834,0.05729174,0.03645838,0.08333344,0.01562502,0.06770842,0.03125004,0.0520834,0.03645838,0.0260417,0.04166672,0.0520834,0.06770842,0.0520834,0.0520834,0.04687506,0.06770842,0.02083336,0.04166672,0.322917082,0.151041861,0.06250008,0.942709545,0.229166961,0.390625502,0.213541941,0.0520834,0.234375301,0.0781251,0.317708742,0.0781251,0.093750121,0.223958621,0.765625984,0.130208501,0.02083336,0.06770842,0.130208501,0.109375141,0.255208661,0.416667202,0.145833521,0.06250008,0.04166672,0.166666881,0.265625341,0.0520834,0.276042021,0.546875703,0.07291676,0.05729174,0.06770842,0.06250008,0.08333344,0.369792142,0.06250008,0.187500241,0.177083561,0.130208501,0.119791821,0.255208661,0.239583641,0.151041861,0.06770842,0.203125261,0.06250008,0.416667202,0.05729174,0.182291901,0.250000321,0.151041861,0.338542102,0.229166961,0.322917082,0.156250201,0.08333344,0.255208661,0.145833521,0.151041861,0.208333601,0.244791981,0.05729174,0.08854178,0.06770842,0.093750121,0.171875221,0.197916921,0.260417001,0.109375141,0.192708581,0.145833521,0.119791821,0.08854178,0.04166672,0.098958461,0.05729174,0.145833521,0.06770842,0.06770842,0.07291676,0.04166672,0.04687506,0.06770842,0.03645838,0.08333344,0.06250008,0.03645838,0.07291676,0.05729174,0.04687506,0.098958461,0.0781251,0.03125004,0.08333344,0
h3,ctr,B2H3C11,0.08333344,0.037037085,0.046296356,0.064814898,0.018518542,0.055555627,0.074074169,0.037037085,0.027777813,0.046296356,0.111111254,0.037037085,0.166666881,0.074074169,0.037037085,0.046296356,0.037037085,0.046296356,0.037037085,0.064814898,0.064814898,0.166666881,0.055555627,0.055555627,0.194444694,0.175926152,0.037037085,0.018518542,0.037037085,0.101851983,0.055555627,0.009259271,0.120370525,0.296296677,0.037037085,0.092592712,0.018518542,0.064814898,0.018518542,0.037037085,0.009259271,0.074074169,0.08333344,0.046296356,0.018518542,0.037037085,0.055555627,0,0.027777813,0,0.027777813,0.018518542,0.046296356,0.08333344,0.138889067,0.009259271,0.046296356,0.018518542,0.138889067,0.074074169,0.074074169,0.037037085,0,0.009259271,0.064814898,0.009259271,0.046296356,0.064814898,0.027777813,0.08333344,0.148148339,0.08333344,0.027777813,0.046296356,0.037037085,0.055555627,0.064814898,0.027777813,0.018518542,0.037037085,0.027777813,0.046296356,0.055555627,0.046296356,0.074074169,0.037037085,0.018518542,0.092592712,0.037037085,0.046296356,0.046296356,0.166666881,0.055555627,0.009259271,0.018518542,0.055555627,0,0.055555627,0.064814898,0.009259271,0.009259271,0.064814898,0.027777813,0.111111254,0.046296356,0.027777813,0.037037085,0.037037085,0.018518542,0.055555627,0.064814898,0.027777813,0.064814898,0.018518542,0.037037085,0.037037085,0.046296356,0,0.046296356,0.064814898,0.055555627,0.027777813,0.018518542,0.018518542,0.037037085,0.074074169,0.037037085,0.037037085,0.027777813,0.027777813,0.08333344,0.018518542,0.009259271,0.064814898,0.027777813,0,0.055555627,0.009259271,0.055555627,0.055555627,0.009259271,0.074074169,0.018518542,0.046296356,0.027777813,0.027777813,0.037037085,0.046296356,0.064814898,0.064814898,0
h3,rms,B2H3C8,0.743590699,0.621795671,0.570513554,0.269231115,0.391026144,0.288461909,0.217948998,0.160256616,1.166668166,0.076923176,0.160256616,0.134615558,0.205128469,0.153846352,0.076923176,0.35897482,0.185897675,0.192307939,0.314102968,0.352564556,0.211538733,0.294872174,0.35897482,0.314102968,0.217948998,0.160256616,0.198718204,0.147436087,0.070512911,0.115384764,0.141025822,0.141025822,0.121795028,0.070512911,0.09615397,0.141025822,0.076923176,0.09615397,0.115384764,0.192307939,0.141025822,0.192307939,0.192307939,0.153846352,0.134615558,0.102564234,0.166666881,0.076923176,0.070512911,0.08333344,0.064102646,0.064102646,0.09615397,0.089743705,0.057692382,0.102564234,0.025641059,0.057692382,0.102564234,0.121795028,0.051282117,0.128205293,0.153846352,0.128205293,0.147436087,0.160256616,0.17948741,0.134615558,0.09615397,0.089743705,0.115384764,0.09615397,0.076923176,0.166666881,0.012820529,0.076923176,0.051282117,0.09615397,0.070512911,0.089743705,0.044871853,0.025641059,0.064102646,0.108974499,0.08333344,0.051282117,0.070512911,0.153846352,0.102564234,0.070512911,0.076923176,0.070512911,0.076923176,0.051282117,0.076923176,0.076923176,0.044871853,0.064102646,0.09615397,0.044871853,0.032051323,0.070512911,0.051282117,0.038461588,0.025641059,0.064102646,0.070512911,0.064102646,0.012820529,0.057692382,0.08333344,0.108974499,0.044871853,0.051282117,0.064102646,0.025641059,0.038461588,0.08333344,0.051282117,0.064102646,0.038461588,0.070512911,0.08333344,0.108974499,0.038461588,0.076923176,0.102564234,0.044871853,0.070512911,0.038461588,0.025641059,0.038461588,0.076923176,0.089743705,0.070512911,0.038461588,0.057692382,0.038461588,0.102564234,0.051282117,0.051282117,0.102564234,0.08333344,0.044871853,0.089743705,0.134615558,0.089743705,0.057692382,0.076923176,0.057692382,0
h3,ctr,B2H3C9,0.255682147,0.164772939,0.107954684,0.142045637,0.068181906,0.130681986,0.096591033,0.125000161,0.11363651,0.068181906,0.073863731,0.06250008,0.051136429,0.073863731,0.039772778,0.022727302,0.079545557,0.034090953,0.039772778,0.068181906,0.068181906,0.039772778,0.034090953,0.056818255,0.090909208,0.045454604,0.056818255,0.06250008,0.068181906,0.034090953,0.022727302,0.045454604,0.051136429,0.056818255,0.034090953,0.034090953,0.056818255,0.022727302,0.011363651,0.079545557,0.039772778,0.045454604,0.045454604,0.028409127,0.068181906,0.022727302,0.011363651,0.034090953,0.068181906,0.022727302,0.022727302,0.028409127,0.051136429,0.034090953,0.028409127,0.051136429,0.034090953,0.011363651,0.051136429,0.06250008,0.06250008,0.051136429,0.022727302,0.045454604,0.051136429,0.022727302,0.028409127,0.034090953,0.06250008,0.039772778,0.039772778,0.056818255,0.045454604,0.039772778,0.017045476,0.056818255,0.034090953,0.011363651,0.017045476,0.056818255,0.068181906,0.028409127,0.017045476,0.034090953,0.039772778,0.039772778,0.034090953,0.073863731,0.068181906,0.051136429,0.051136429,0.06250008,0.039772778,0.06250008,0.034090953,0.079545557,0.028409127,0.039772778,0.039772778,0.045454604,0.034090953,0.034090953,0.034090953,0.085227382,0.079545557,0.051136429,0.022727302,0.039772778,0.051136429,0.079545557,0.034090953,0.034090953,0.022727302,0.034090953,0.017045476,0.011363651,0.045454604,0.017045476,0.051136429,0.034090953,0.056818255,0.005681825,0.045454604,0.056818255,0.051136429,0.056818255,0.022727302,0.068181906,0.051136429,0.022727302,0.017045476,0.028409127,0.045454604,0.028409127,0.017045476,0.034090953,0.017045476,0.028409127,0.011363651,0.028409127,0.039772778,0.022727302,0.005681825,0.017045476,0.056818255,0.056818255,0.022727302,0.051136429,0.011363651,0.028409127,0
h0,ctr,B3H0C10,0.11065588,0.040983659,0.143442807,0.049180391,0.09016405,0.069672221,0.065573855,0.065573855,0.024590196,0.02049183,0.053278757,0.073770587,0.045082025,0.061475489,0.045082025,0.057377123,0.028688561,0.11065588,0.049180391,0.077868953,0.069672221,0.049180391,0.069672221,0.086065684,0.073770587,0.069672221,0.053278757,0.040983659,0.045082025,0.094262416,0.053278757,0.036885293,0.073770587,0.053278757,0.061475489,0.176229735,0.02049183,0.024590196,0.028688561,0.053278757,0.032786927,0.069672221,0.073770587,0.069672221,0.040983659,0.024590196,0.057377123,0.024590196,0.036885293,0.061475489,0.09016405,0.02049183,0.040983659,0.028688561,0.036885293,0.061475489,0.032786927,0.032786927,0.098360782,0.069672221,0.086065684,0.024590196,0.053278757,0.040983659,0.069672221,0.102459148,0.09016405,0.040983659,0.032786927,0.045082025,0.065573855,0.057377123,0.045082025,0.045082025,0.032786927,0.036885293,0.053278757,0.032786927,0.032786927,0.024590196,0.045082025,0.049180391,0.073770587,0.081967318,0.032786927,0.065573855,0.045082025,0.036885293,0.073770587,0.036885293,0.040983659,0.040983659,0.040983659,0.040983659,0.09016405,0.057377123,0.057377123,0.102459148,0.053278757,0.049180391,0.040983659,0.036885293,0.053278757,0.028688561,0.02049183,0.061475489,0.049180391,0.073770587,0.045082025,0.024590196,0.077868953,0.077868953,0.02049183,0.036885293,0.024590196,0.057377123,0.032786927,0.045082025,0.040983659,0.032786927,0.036885293,0.028688561,0.065573855,0.061475489,0.053278757,0.040983659,0.065573855,0.045082025,0.049180391,0.02049183,0.053278757,0.028688561,0.049180391,0.036885293,0.049180391,0.040983659,0.040983659,0.036885293,0.049180391,0.065573855,0.036885293,0.045082025,0.049180391,0.028688561,0.040983659,0.024590196,0.077868953,0.040983659,0.061475489,0.049180391,0
h0,rms,B3H0C11,0.168367563,0.127551184,0.0969389,0.112245042,0.056122521,0.030612284,0.081632758,0.066326616,0.076530711,0.107142995,0.0969389,0.081632758,0.091836853,0.209183942,0.051020474,0.071428663,0.071428663,0.051020474,0.045918426,0.107142995,0.066326616,0.061224568,0.025510237,0.030612284,0.066326616,0.030612284,0.030612284,0.086734805,0.061224568,2.158166039,0.071428663,0.045918426,0.045918426,0.045918426,0.153061421,0.448980169,1.469389644,0.040816379,0.020408189,0.066326616,0.035714332,0.035714332,0.020408189,0.025510237,0.045918426,0.015306142,0.061224568,0.015306142,0.030612284,0.071428663,0.030612284,0.051020474,0.071428663,0.051020474,0.040816379,0.061224568,0.030612284,0.122449137,0.071428663,0.040816379,0.045918426,0.035714332,0.107142995,0.076530711,0.040816379,0.035714332,0.040816379,0.040816379,0.051020474,0.015306142,0.035714332,0.107142995,0.066326616,0.035714332,0.025510237,0.040816379,0.030612284,0.209183942,0.035714332,0.035714332,0.030612284,0.020408189,0.010204095,0.015306142,0.051020474,0.005102047,0.035714332,0.061224568,0.025510237,0.035714332,0.040816379,0.035714332,0.030612284,0.020408189,0.056122521,0.071428663,0.035714332,0.020408189,0.045918426,0.056122521,0.040816379,0.020408189,0.051020474,0.066326616,0.056122521,0.025510237,0.025510237,0.056122521,0.076530711,0.040816379,0.035714332,0.040816379,0.076530711,0.066326616,0.040816379,0.015306142,0.030612284,0.035714332,0.045918426,0.030612284,0.020408189,0.020408189,0.035714332,0.076530711,0.025510237,0.030612284,0.045918426,0.076530711,0.127551184,0.045918426,0.132653232,0.025510237,0.061224568,0.040816379,0.020408189,0.040816379,0.163265516,0.040816379,0.056122521,0.045918426,0.066326616,0.025510237,0.219388037,0.020408189,0.030612284,0.030612284,0.035714332,0.051020474,0.020408189,0.71938868,0
h0,ctr,B3H0C12,0.531818865,0.654546296,0.381818673,0.190909336,0.345454989,0.240909401,0.309091306,0.654546296,0.190909336,0.300000386,0.290909465,2.959094713,0.177272955,0.154545653,0.150000193,0.12272743,0.12272743,0.100000129,0.081818287,0.100000129,0.100000129,0.059090985,0.109091049,0.031818223,0.104545589,0.081818287,0.159091114,0.109091049,0.200000257,0.068181906,0.063636445,0.11363651,0.168182034,0.072727366,0.127272891,0.077272827,0.145454732,0.159091114,0.168182034,0.12272743,0.086363747,0.063636445,0.059090985,0.068181906,0.186363876,0.136363812,0.068181906,0.090909208,0.131818351,0.250000321,0.068181906,0.159091114,0.068181906,0.059090985,0.172727495,0.063636445,0.090909208,0.045454604,0.059090985,0.040909143,0.109091049,0.140909272,0.168182034,0.050000064,0.063636445,0.109091049,0.045454604,0.045454604,0.168182034,0.254545782,0.068181906,0.063636445,0.059090985,0.104545589,0.086363747,0.068181906,0.081818287,0.068181906,0.050000064,0.040909143,0.036363683,0.036363683,0.059090985,0.077272827,0.072727366,0.040909143,0.059090985,0.063636445,0.045454604,0.090909208,0.040909143,0.059090985,0.309091306,0.059090985,0.272727623,0.031818223,0.150000193,0.068181906,0.072727366,0.063636445,0.045454604,0.204545717,0.063636445,0.054545525,0.031818223,0.145454732,0.068181906,0.045454604,0.031818223,0.036363683,0.159091114,0.172727495,0.063636445,0.072727366,0.559091628,0.140909272,0.045454604,0.059090985,0.063636445,0.090909208,0.031818223,0.040909143,0.050000064,0.018181842,0.036363683,0.12272743,0.090909208,0.11818197,0.313636767,0.054545525,0.068181906,0.077272827,0.045454604,0.136363812,0.063636445,0.131818351,0.022727302,0.100000129,0.059090985,0.050000064,0.050000064,0.059090985,0.050000064,0.031818223,0.027272762,0.35000045,0.050000064,0.018181842,0.036363683,0.040909143,0
h0,rms,B3H0C9,0.269231115,0.025641059,0.057692382,0.09615397,0.057692382,0.032051323,0.044871853,0.051282117,0.057692382,0.115384764,0.301282439,0.070512911,0.019230794,0.076923176,0.08333344,0.230769527,0.044871853,0.038461588,0.044871853,0.057692382,0.057692382,0.064102646,0.070512911,0.057692382,0.27564138,0.051282117,0.070512911,0.057692382,0.108974499,0.070512911,0.070512911,0.044871853,0.032051323,0.038461588,0.057692382,0.089743705,0.057692382,0.025641059,0.032051323,0.076923176,0.108974499,0.038461588,0.121795028,0.019230794,0.076923176,0.057692382,0.070512911,0.038461588,0.057692382,0.044871853,0.051282117,0.044871853,0.051282117,0.006410265,0.076923176,0.038461588,0.089743705,0.064102646,0.057692382,0.08333344,0.032051323,0.09615397,0.044871853,0.025641059,0.057692382,0.019230794,0.044871853,0.051282117,0.089743705,0.038461588,0.057692382,0.089743705,0.076923176,0.019230794,0.044871853,0.064102646,0.038461588,0.012820529,0.044871853,0.076923176,0.038461588,0.012820529,0.032051323,0.051282117,0.038461588,0.025641059,0.051282117,0.064102646,0.025641059,0.032051323,0.09615397,0.025641059,0.070512911,0.128205293,0.038461588,0.070512911,0.051282117,0.025641059,0.051282117,0.032051323,0.070512911,0.044871853,0.025641059,0.057692382,0.038461588,0.044871853,0.08333344,0.038461588,0.038461588,0.019230794,0.057692382,0.025641059,0.019230794,0.012820529,0.038461588,0.032051323,0.038461588,0.044871853,0.070512911,0.032051323,0.044871853,0.025641059,0.070512911,0.038461588,0.025641059,0.051282117,0.051282117,0.057692382,0.032051323,0.038461588,0.064102646,0.064102646,0.038461588,0.019230794,0.076923176,0.032051323,0.051282117,0.038461588,0.025641059,0.064102646,0.032051323,0.019230794,0.051282117,0.076923176,0.032051323,0.038461588,0.576923818,0.051282117,0.480769849,0.019230794,0
h24,rms,B3H24C5,0.304054445,0.128378543,0.07432442,0.243243556,0.135135309,0.121621778,0.114865013,0.121621778,0.22297326,0.175675901,0.060810889,0.141892074,0.114865013,0.067567654,0.081081185,0.047297358,0.108108247,0.067567654,0.087837951,0.155405605,0.060810889,0.155405605,0.155405605,0.067567654,0.182432667,0.108108247,0.175675901,0.128378543,0.067567654,0.202702963,0.297297679,0.189189432,0.067567654,0.087837951,0.270270618,0.14864884,0.054054124,0.07432442,0.060810889,0.040540593,0.047297358,0.040540593,0.094594716,0,0.344595038,0.189189432,0.162162371,0.027027062,0.141892074,0.081081185,0.121621778,0.054054124,0.033783827,0.07432442,0.263513852,0.060810889,0.081081185,0.155405605,0.07432442,0.175675901,0.155405605,0.155405605,0.07432442,0.250000321,0.216216494,0.087837951,0.31081121,0.250000321,0.141892074,0.14864884,0.040540593,0.114865013,0.14864884,0.14864884,0.067567654,0.189189432,0.060810889,0.121621778,0.067567654,0.209459729,0.195946198,0.135135309,0.047297358,0.189189432,0.114865013,0.283784149,0.121621778,0.054054124,0.047297358,0.195946198,0.033783827,0.155405605,0.067567654,0.054054124,0.067567654,0.040540593,0.040540593,0.243243556,0.060810889,0.081081185,0.047297358,0.128378543,0.067567654,0.060810889,0.168919136,0.067567654,0.101351482,0.047297358,0.040540593,0.101351482,0.047297358,0.094594716,0.108108247,0.040540593,0.07432442,0.033783827,0.175675901,0.020270296,0.020270296,0.108108247,0.027027062,0.07432442,0.040540593,0.101351482,0.047297358,0.054054124,0.087837951,0.060810889,0.047297358,0.060810889,0.054054124,0.006756765,0.047297358,0.033783827,0.114865013,0.168919136,0.047297358,0.094594716,0.020270296,0.027027062,0.040540593,0.07432442,0.027027062,0.033783827,0.047297358,0.060810889,0.027027062,0.027027062,0.027027062,0.060810889,0
h24,ctr,B3H24C6,0.631818994,0.200000257,0.23636394,0.23636394,0.340909529,0.23636394,0.218182099,0.109091049,0.072727366,0.150000193,0.11363651,0.050000064,0.12272743,0.127272891,0.086363747,0.090909208,0.100000129,0.109091049,0.072727366,0.063636445,0.240909401,0.072727366,0.145454732,0.090909208,0.104545589,0.081818287,0.054545525,0.081818287,0.290909465,0.11818197,0.081818287,0.059090985,0.054545525,0.059090985,0.168182034,0.090909208,0.031818223,0.050000064,0.140909272,0.100000129,0.140909272,0.150000193,0.140909272,0.11363651,0.140909272,0.109091049,0.11363651,0.077272827,0.077272827,0.081818287,0.131818351,0.109091049,0.050000064,0.077272827,0.036363683,0.036363683,0.109091049,0.059090985,0.095454668,0.040909143,0.145454732,0.104545589,0.045454604,0.045454604,0.040909143,0.081818287,0.086363747,0.063636445,0.059090985,0.086363747,0.027272762,0.068181906,0.150000193,0.195454797,0.045454604,0.031818223,0.031818223,0.027272762,0.050000064,0.045454604,0.086363747,0.045454604,0.040909143,0.00454546,0.018181842,0.045454604,0.040909143,0.059090985,0.031818223,0.063636445,0.013636381,0.027272762,0.040909143,0.063636445,0.040909143,0.040909143,0.040909143,0.072727366,0.090909208,0.040909143,0.027272762,0.045454604,0.050000064,0.022727302,0.013636381,0.018181842,0.013636381,0.013636381,0.036363683,0.027272762,0.040909143,0.036363683,0.045454604,0.022727302,0.086363747,0.031818223,0.036363683,0.009090921,0.027272762,0.009090921,0.013636381,0.040909143,0.036363683,0.013636381,0.027272762,0.027272762,0.040909143,0.054545525,0.009090921,0.209091178,0.059090985,0.027272762,0.027272762,0.036363683,0.11818197,0.031818223,0.031818223,0.027272762,0.018181842,0.027272762,0.018181842,0.022727302,0.040909143,0.031818223,0.036363683,0.059090985,0.045454604,0.022727302,0.022727302,0.031818223,0
h24,rms,B3H24C7,0.923470575,0.826531675,0.663266159,0.71938868,0.617347732,0.2908167,0.183673705,0.147959374,0.137755279,0.561225211,0.877552148,0.306122842,0.336735127,0.270408511,0.306122842,0.209183942,0.178571658,0.316326937,0.127551184,0.1938778,0.178571658,0.173469611,0.122449137,0.224490084,0.178571658,0.158163469,0.204081895,0.102040947,0.091836853,0.127551184,0.112245042,0.061224568,0.107142995,0.091836853,0.127551184,0.061224568,0.076530711,0.066326616,0.112245042,0.086734805,0.091836853,0.0969389,0.081632758,0.091836853,0.035714332,0.056122521,0.091836853,0.045918426,0.030612284,0.045918426,0.066326616,0.086734805,0.051020474,0.056122521,0.061224568,0.045918426,0.081632758,0.091836853,0.137755279,0.071428663,0.066326616,0.066326616,0.076530711,0.112245042,0.056122521,0.102040947,0.071428663,0.076530711,0.137755279,0.112245042,0.168367563,0.183673705,0.137755279,0.260204416,0.147959374,0.168367563,0.178571658,0.163265516,0.209183942,0.204081895,0.107142995,0.086734805,0.122449137,0.040816379,0.091836853,0.056122521,0.0969389,0.102040947,0.061224568,0.061224568,0.051020474,0.051020474,0.056122521,0.025510237,0.076530711,0.061224568,0.035714332,0.040816379,0.076530711,0.066326616,0.045918426,0.081632758,0.056122521,0.051020474,0.051020474,0.051020474,0.071428663,0.045918426,0.040816379,0.051020474,0.040816379,0.035714332,0.040816379,0.035714332,0.056122521,0.015306142,0.020408189,0.071428663,0.045918426,0.040816379,0.045918426,0.040816379,0.091836853,0.030612284,0.015306142,0.015306142,0.040816379,0.061224568,0.020408189,0.015306142,0.030612284,0.040816379,0.045918426,0.010204095,0.091836853,0.056122521,0.030612284,0.045918426,0.045918426,0.025510237,0.030612284,0.061224568,0.091836853,0.045918426,0.025510237,0.030612284,0.061224568,0.020408189,0.030612284,0.020408189,0
h24,ctr,B3H24C8,0.281746394,0.051587368,0.194444694,0.115079513,0.119047772,0.091269959,0.115079513,0.119047772,0.111111254,0.119047772,0.134920808,0.111111254,0.079365181,0.051587368,0.055555627,0.107142995,0.051587368,0.071428663,0.023809554,0.071428663,0.095238218,0.071428663,0.12698429,0.107142995,0.0873017,0.063492145,0.071428663,0.08333344,0.04365085,0.0873017,0.079365181,0.091269959,0.067460404,0.055555627,0.103174736,0.039682591,0.023809554,0.079365181,0.063492145,0.091269959,0.035714332,0.04365085,0.071428663,0.059523886,0.055555627,0.063492145,0.047619109,0.059523886,0.015873036,0.067460404,0.111111254,0.091269959,0.071428663,0.055555627,0.063492145,0.051587368,0.047619109,0.067460404,0.04365085,0.039682591,0.051587368,0.075396922,0.027777813,0.031746073,0.039682591,0.059523886,0.055555627,0.051587368,0.051587368,0.063492145,0.04365085,0.075396922,0.059523886,0.063492145,0.051587368,0.039682591,0.04365085,0.047619109,0.067460404,0.079365181,0.071428663,0.071428663,0.0873017,0.051587368,0.055555627,0.047619109,0.051587368,0.091269959,0.059523886,0.031746073,0.063492145,0.04365085,0.051587368,0.055555627,0.035714332,0.047619109,0.027777813,0.023809554,0.0873017,0.079365181,0.067460404,0.035714332,0.075396922,0.0873017,0.051587368,0.063492145,0.035714332,0.055555627,0.027777813,0.039682591,0.039682591,0.079365181,0.039682591,0.059523886,0.095238218,0.031746073,0.047619109,0.04365085,0.091269959,0.107142995,0.047619109,0.027777813,0.035714332,0.055555627,0.071428663,0.051587368,0.051587368,0.047619109,0.031746073,0.079365181,0.047619109,0.023809554,0.035714332,0.067460404,0.031746073,0.04365085,0.055555627,0.04365085,0.027777813,0.051587368,0.031746073,0.063492145,0.166666881,0.047619109,0.051587368,0.039682591,0.031746073,0.051587368,0.011904777,0.047619109,0
h3,rms,B3H3C1,0.100000129,0.06111119,0.005555563,0.044444502,0.033333376,0.050000064,0.011111125,0.06111119,0.038888939,0.066666752,0.033333376,0.027777813,0.027777813,0.050000064,0.033333376,0.044444502,0.050000064,0.022222251,0.027777813,0.044444502,0.050000064,0.005555563,0.055555627,0.022222251,0.077777878,0.050000064,0.06111119,0.038888939,0.08333344,0.055555627,0.022222251,0.08333344,0.072222315,0.072222315,0.033333376,0.022222251,0.033333376,0.06111119,0.027777813,0.033333376,0.038888939,0.027777813,0.033333376,0.027777813,0.050000064,0.016666688,0.027777813,0.050000064,0.033333376,0.055555627,0.033333376,0.005555563,0.016666688,0.08333344,0.050000064,0.033333376,0.055555627,0.038888939,0.033333376,0.066666752,0.022222251,0.072222315,0.050000064,0.027777813,0.050000064,0.033333376,0.044444502,0.022222251,0.077777878,0.294444823,4.177783148,1.33889061,0.033333376,0.027777813,0.055555627,0.661111961,0.150000193,0.311111511,0.572222958,0.050000064,0.105555691,0.055555627,0.055555627,0.038888939,0.166666881,1.588890931,0.122222379,0.238889196,0.022222251,0.033333376,0.044444502,0.011111125,0.066666752,0.08333344,0.016666688,0.033333376,0.044444502,0.033333376,0.050000064,0.027777813,0.033333376,0.066666752,0.06111119,0.038888939,0.055555627,0.033333376,0.055555627,0.027777813,0.038888939,0.044444502,0.08333344,0.06111119,0.038888939,0.044444502,0.038888939,0.016666688,0.044444502,0.050000064,0.066666752,0.06111119,0.066666752,0.08333344,0.027777813,0.022222251,0.011111125,0.044444502,0.08333344,0.050000064,0.050000064,0.055555627,0.044444502,0.033333376,0.077777878,0.050000064,0.011111125,0.038888939,0.038888939,0.06111119,0.033333376,0.055555627,0.038888939,0.027777813,0.077777878,0.033333376,0.08333344,0.077777878,0.033333376,0.038888939,0.038888939,0.055555627,0
h3,ctr,B3H3C2,0.245098354,0.377451466,0.156862947,0.240196387,0.754902931,1.117648495,1.166668166,0.524510478,0.877452108,0.210784585,0.191176716,0.519608511,0.23529442,0.259804256,0.789216701,0.161764914,0.426471136,0.11764721,0.23529442,0.15196098,0.279412124,0.362745564,0.171568848,0.583334083,0.35294163,0.318627861,0.20098065,0.436275071,0.524510478,0.137255078,0.676471458,0.651961622,0.426471136,0.676471458,0.181372782,0.416667202,0.700981293,0.661765556,0.544118346,0.210784585,0.397059334,0.294118025,0.348039663,0.794118668,1.460786191,0.745098997,0.196078683,0.558824248,0.691177359,0.303921959,0.431373103,0.274510157,0.647059655,0.441177038,0.553922281,0.725491129,0.308823926,0.539216379,0.563726215,1.00980522,0.308823926,0.475490807,0.58823605,0.279412124,0.602941951,0.465686873,0.446079005,0.715687194,0.995099318,0.661765556,0.578432116,0.867648174,0.539216379,0.250000321,0.490196709,1.063726857,0.421569169,0.593138017,0.475490807,0.328431795,0.607843919,0.299019992,0.50490261,0.240196387,0.392157367,0.308823926,0.441177038,0.47058884,0.392157367,0.343137696,0.328431795,0.215686552,0.225490486,0.549020314,0.436275071,0.485294741,0.544118346,0.593138017,0.911765878,0.524510478,0.480392774,0.401961301,0.431373103,0.308823926,0.289216058,0.455882939,0.284314091,0.132353111,0.441177038,0.97549145,0.362745564,0.20098065,0.245098354,0.343137696,0.431373103,0.480392774,0.372549498,0.323529828,0.431373103,0.362745564,0.279412124,0.196078683,0.264706223,0.426471136,0.313725893,0.338235729,0.377451466,0.35294163,0.333333762,0.843138339,0.303921959,0.181372782,0.259804256,0.35294163,0.460784906,0.544118346,0.58823605,0.960785549,0.446079005,0.318627861,0.289216058,0.647059655,0.553922281,0.392157367,0.441177038,0.299019992,0.583334083,0.284314091,0.921569812,0.617647853,0
h3,ctr,B3H3C4,1.054688856,0.109375141,0.203125261,0.476563113,0.203125261,1.359376747,0.625000803,0.835938574,0.367187972,0.570313233,0.960938735,0.421875542,0.789063514,1.210939056,0.351562952,0.726563434,0.304687892,3.101566487,0.421875542,0.929688695,0.304687892,0.171875221,0.06250008,0.093750121,0.03125004,0.03125004,0.101562631,0.02343753,0.03906255,0.140625181,0.06250008,0.05468757,0.00781251,0.00781251,0.05468757,0.07031259,0.0781251,0.093750121,0.132812671,0.02343753,0.02343753,0.03906255,0.08593761,0.08593761,0.06250008,0.0781251,0.07031259,0.117187651,0.07031259,0.04687506,0.07031259,0.08593761,0.06250008,0.04687506,0.171875221,0.125000161,0.03906255,0.117187651,0.05468757,0.03125004,0.01562502,0.06250008,0.06250008,0.05468757,0.304687892,0.125000161,0.0781251,0.06250008,0.179687731,0.05468757,0.07031259,0.03906255,0.05468757,0.0781251,0.03906255,0.04687506,0.03125004,0.093750121,0.05468757,0.109375141,0.109375141,0.04687506,0.148437691,0.08593761,0.07031259,0.250000321,0.281250362,0.132812671,0.04687506,0.03125004,0.117187651,0.03906255,0.0781251,0.07031259,0.08593761,0.03906255,0.171875221,0.02343753,0.109375141,0.08593761,0.05468757,0.0781251,0.07031259,0.117187651,0.03906255,0.04687506,0.03906255,0.05468757,0.03906255,0.08593761,0.07031259,0.03125004,0.109375141,0.05468757,0.04687506,0.210937771,0.06250008,0.02343753,0.289062872,0.140625181,0.01562502,0.08593761,0.05468757,0.06250008,0.109375141,0.171875221,0.02343753,0.156250201,0.06250008,0.117187651,0.132812671,0.093750121,0.0781251,0.140625181,0.05468757,0.226562791,0.093750121,0.08593761,0.06250008,0.01562502,0.04687506,0.187500241,0.164062711,0.140625181,0.05468757,0.093750121,0.06250008,0.093750121,0.05468757,0.03125004,0
